FAMILY_ID,Family_Member,F_1,F_2,G_1,G_2,H_1,H_2,A_1,A_2,J_1,J_2,E_1,E_2,C_1,C_2,B_1,B_2,MICA_1,MICA_2,MICB_1,MICB_2,DRB1_1,DRB1_2,DRB3_1,DRB3_2,DRB4_1,DRB4_2,DRB5_1,DRB5_2,DQA1_1,DQA1_2,DQB1_1,DQB1_2,DPA1_1,DPA1_2,DPB1_1,DPB1_2
Family1,C2,*01:01:01:08,*01:01:01:08,*01:01:02:01,*01:01:02:01,*01:02:01:01,*01:02:01:01,*25:01:01:01,*26:01:01:01,NA,NA,*01:01:01:01,*01:03:02:01,*12:03:01,*16:01:01,*18:01:01:05,*44:03:01,*004:01:01,*018:01:01,*002:01,*005:02,*15:01:01,*07:01:01,NA,NA,NA,*01:01:01,*01:01:01,NA,*01:02:01,*02:01:01,*06:02:01,*02:02:01,*01:03:01:03,*01:03:01:01,*03:01:01,*02:01:02
Family1,F,*01:01:01:08,*01:01:01:17,*01:01:01:08,*01:01:02:01,*01:01:02,*01:02:01:01,*30:02:01:01,*25:01:01:01,*01:01:01:08,*01:01:01:15,*01:01:01,*01:03:02,*05:01:01,*12:03:01,*18:01:01:06,*18:01:01:05,*001:01,*018:01:01,*002:01,*005:02,*03:01:01,*15:01:01,*02:02:01,NA,NA,NA,NA,*01:01:01,*05:01:01,*01:02:01,*02:01:01,*06:02:01,*01:03:01:04,*01:03:01:03,*04:01:01:03,*03:01:01
Family1,M,*01:01:01:01,*01:01:01:08,*01:01:01:01,*01:01:02:01,*01:01:01:01,*01:02:01:01,*26:01:01:01,*02:01:01,*01:01:01:08,*01:01:01,*01:01:01,*01:03:02:32,*16:01:01,*06:02:01,*44:03:01,*13:02:01:01,*004:01:01,*008:01:03,*005:02,*005:02,*07:01:01,*07:01:01,NA,NA,*01:01:01,*01:03:01,NA,NA,*02:01:01,*02:01:01,*02:02:01,*02:02:01,*01:03:01:01,*01:03:01:02,*02:01:02,*04:01:01
Family1,C1,*01:01:01:08,*01:01:01:17,*01:01:01:08,*01:01:02:01,*01:01:02,*01:02:01:01,*30:02:01:01,*26:01:01:01,NA,NA,*01:03:02,*01:03:02,*05:01:01,*16:01:01,*18:01:01:06,*44:03:01,*001:01,*004:01:01,*005:02,*005:02,*03:01:01,*07:01:01,*02:02:01,NA,NA,*01:01:01,NA,NA,*05:01:01,*02:01:01,*02:01:01,*02:02:01,*01:03:01:04,*01:03:01:01,*04:01:01:03,*02:01:02
Family1,C3,*01:01:01:01,*01:01:01:17,*01:01:01:01,*01:01:01:08,*01:01:01:01,*01:01:02,*30:02:01:01,*02:01:01,NA,NA,*01:01:01:01,*01:03:02:01,*05:01:01,*06:02:01,*18:01:01:06,*13:02:01:01,*001:01,*008:01:03,*005:02,*005:02,*03:01:01,*07:01:01,*02:02:01,NA,NA,*01:03:01,NA,NA,*05:01:01,*02:01:01,*02:01:01,*02:02:01,*01:03:01:04,*01:03:01:02,*04:01:01:03,*04:01:01
Family2,C3,*01:01:01:01,*01:01:01,*01:01:01:01,*01:06:01:01,*01:01:01:01,*02:01:01:01,*01:01:01,*02:01:01,NA,NA,*01:01:01:01,*01:03:02:02,*06:02:01,*03:04:01,*57:01:01:01,*15:01:01,*010:01,*017:01,*002:01:06,*003:01:11,*07:01:01,*04:01:01,NA,NA,*01:03N,*01:03:01,NA,NA,*02:01:01,*03:01:01,*03:03:02,*03:02:01,*01:03:01:01,*01:03:01:01,*02:01:02,*02:01:02:01
Family2,F,*01:01:01:09,*01:01:01,*01:01:02:01,*01:06:01:01,*02:01:01:01,*02:01:01:01,*01:01:01,*01:01:01,*01:01:01:02,*01:01:01:27,*01:01:01,*01:01:01,*07:01:01,*06:02:01,*08:01:01:01,*57:01:01:01,*008:01:01,*017:01,*003:01:11,*008:01:08,*08:01:01,*07:01:01,NA,NA,NA,*01:03N,NA,NA,*04:02,*02:01:01,*04:02:01,*03:03:02,*01:03:01:03,*01:03:01:01,*03:01:01,*02:01:02
Family2,M,*01:01:01:01,*01:01:01:01,*01:01:01:01,*01:01:01:01,*01:01:01:01,*01:01:01:01,*02:01:01,*02:01:01,NA,NA,*01:03:02:01,*01:03:02:02,*03:04:01,*03:04:01,*40:01:02,*15:01:01,*008:04,*010:01,*002:01,*005:02,*08:01:01,*04:01:01,NA,NA,NA,*01:03:01,NA,NA,*04:01:01,*03:01:01,*04:02:01,*03:02:01,*02:02:02:01,*01:03:01:01,*04:02:01:17,*02:01:02:01
Family2,C1,*01:01:01:01,*01:01:01:09,*01:01:01:01,*01:01:02:01,*01:01:01:01,*02:01:01:01,*01:01:01,*02:01:01,NA,NA,*01:01:01:01,*01:03:02:01,*07:01:01,*03:04:01,*08:01:01:01,*40:01:02,*008:01:01,*008:04,*005:02,*008:01,*08:01:01,*08:01:01,NA,NA,NA,NA,NA,NA,*04:02,*04:01:01,*04:02:01,*04:02:01,*01:03:01:03,*02:02:02:01,*03:01:01,*04:02:01:17
Family2,C2,*01:01:01:01,*01:01:01,*01:01:01:01,*01:06:01:01,*01:01:01,*02:01:01:01,*01:01:01,*02:01:01,*01:01:01:02,*01:01:01,*01:01:01,*01:03:02:02,*06:02:01,*03:04:01,*57:01:01:01,*15:01:01,*010:01,*017:01,*002:01:06,*003:01,*07:01:01,*04:01:01,NA,NA,*01:03N,*01:03:01,NA,NA,*02:01:01,*03:01:01,*03:03:02,*03:02:01,*01:03:01:01,*01:03:01:01,*02:01:02,*02:01:02:01
Family3,C,*01:01:01:01,*01:01:02,*01:01:01:01,*01:01:03:03,*01:01:01:01,*02:01:01:01,*01:01:01,*02:01:01,NA,NA,*01:01:01:01,*01:03:02:02,*03:04:01,*07:01:01,*08:01:01:01,*15:01:01:01,*008:01:01,*010:01,*005:02,*008:01,*01:01:01,*03:01:01,*01:01:02,NA,NA,NA,NA,NA,*01:01:01,*05:01:01,*02:01:01,*05:01:01,*01:03:01:03,*02:01:02:02,*01:01:01:01,*03:01:01
Family3,F,*01:01:01:01,*01:01:02:09,*01:01:01:01,*01:01:03:03,*01:01:01:01,*02:01:01:01,*01:01:01,*02:01:01,NA,NA,*01:01:01:01,*01:01:01:22,*05:01:01,*07:01:01,*08:01:01:01,*44:02:01:01,*008:01:01,*008:01:02,*005:02,*008:01,*03:01:01,*04:01:01,*01:01:02,NA,*01:03:01,NA,NA,NA,*03:03:01,*05:01:01,*02:01:01,*03:01:01,*01:03:01:04,*02:01:02:02,*01:01:01:01,*04:01:01
Family3,M,*01:01:01:01,*01:03:01:01,*01:01:01:01,*01:01:01:05,*01:01:01:01,*02:04:01,*02:01:01,*03:01:01,NA,NA,*01:01:01:01,*01:03:02:02,*03:04:01,*08:02:01,*14:02:01:01,*15:01:01:01,*010:01,*011:01,*005:02,*005:02,*01:01:01,*13:02:01,*03:01:01,NA,NA,NA,NA,NA,*01:01:01,*01:02:01,*05:01:01,*06:09:01,*01:03:01:02,*01:03:01:03,*03:01:01,*04:01:01
Family3,C1,*01:01:01:01,*01:03:01:01,*01:01:01:01,*01:01:01:05,*01:01:01:01,*02:04:01,*01:ATJNV,A*01:AYMG,NA,NA,*01:01:01:01,*01:03:02:02,*03:04:01,*08:02:01,*14:02:01:01,*15:01:01:01,*010:01,*011:01,*005:02,*005:02,*01:01:01,*13:02:01,*03:01:01,NA,NA,NA,NA,NA,*01:01:01,*01:02:01,*05:01:01,*06:09:01,*01:03:01:02,*01:03:01:03,*03:01:01,*04:01:01
